feature_code,token_type,source_table,cutoff_rule,transform,missing_policy
age,administrative,labs_with_Measurements.csv,known at target order,numeric,omit token
days_in_admission,administrative,labs_with_Measurements.csv,known at target order,numeric,omit token
ordering_department__873000,administrative,labs_with_Measurements.csv,known at target order,numeric,omit token
ordering_department__874000,administrative,labs_with_Measurements.csv,known at target order,numeric,omit token
prior_admissions,administrative,labs_with_Measurements.csv,known at target order,numeric,omit token
prior_lab_orders,administrative,labs_with_Measurements.csv,known at target order,numeric,omit token
sex_numeric,administrative,labs_with_Measurements.csv,known at target order,numeric,omit token
charlson__cerebrovascular,background_disease,background_diagnosis.csv,event_at < target orderdate,numeric,omit token
charlson__chronic_pulmonary,background_disease,background_diagnosis.csv,event_at < target orderdate,numeric,omit token
charlson__dementia,background_disease,background_diagnosis.csv,event_at < target orderdate,numeric,omit token
charlson__diabetes,background_disease,background_diagnosis.csv,event_at < target orderdate,numeric,omit token
charlson__group_count,background_disease,background_diagnosis.csv,event_at < target orderdate,numeric,omit token
charlson__heart_failure,background_disease,background_diagnosis.csv,event_at < target orderdate,numeric,omit token
charlson__hemiplegia,background_disease,background_diagnosis.csv,event_at < target orderdate,numeric,omit token
charlson__liver_disease,background_disease,background_diagnosis.csv,event_at < target orderdate,numeric,omit token
charlson__malignancy,background_disease,background_diagnosis.csv,event_at < target orderdate,numeric,omit token
charlson__metastatic_tumor,background_disease,background_diagnosis.csv,event_at < target orderdate,numeric,omit token
charlson__myocardial_infarction,background_disease,background_diagnosis.csv,event_at < target orderdate,numeric,omit token
charlson__peptic_ulcer,background_disease,background_diagnosis.csv,event_at < target orderdate,numeric,omit token
charlson__peripheral_vascular,background_disease,background_diagnosis.csv,event_at < target orderdate,numeric,omit token
charlson__renal_disease,background_disease,background_diagnosis.csv,event_at < target orderdate,numeric,omit token
charlson__rheumatic,background_disease,background_diagnosis.csv,event_at < target orderdate,numeric,omit token
dx__log1p_prior_count,background_disease,background_diagnosis.csv,event_at < target orderdate,numeric,omit token
dx_chapter__certain_infectious_and_parasitic_diseases,background_disease,background_diagnosis.csv,event_at < target orderdate,numeric,omit token
dx_chapter__certain_infectious_and_parasitic_diseases_diseases_of_the_genitourinary_system,background_disease,background_diagnosis.csv,event_at < target orderdate,numeric,omit token
dx_chapter__congenital_malformations_deformations_and_chromosomal_abnormalities,background_disease,background_diagnosis.csv,event_at < target orderdate,numeric,omit token
dx_chapter__diseases_of_the_circulatory_system,background_disease,background_diagnosis.csv,event_at < target orderdate,numeric,omit token
dx_chapter__diseases_of_the_circulatory_system_diseases_of_the_nervous_system,background_disease,background_diagnosis.csv,event_at < target orderdate,numeric,omit token
dx_chapter__diseases_of_the_circulatory_system_external_causes_of_morbidity_and_mortality,background_disease,background_diagnosis.csv,event_at < target orderdate,numeric,omit token
dx_chapter__diseases_of_the_digestive_system,background_disease,background_diagnosis.csv,event_at < target orderdate,numeric,omit token
dx_chapter__diseases_of_the_eye_and_adnexa,background_disease,background_diagnosis.csv,event_at < target orderdate,numeric,omit token
dx_chapter__diseases_of_the_genitourinary_system,background_disease,background_diagnosis.csv,event_at < target orderdate,numeric,omit token
dx_chapter__diseases_of_the_musculoskeletal_system_and_connective_tissue,background_disease,background_diagnosis.csv,event_at < target orderdate,numeric,omit token
dx_chapter__diseases_of_the_musculoskeletal_system_and_connective_tissue_diseases_of_the_nervous_system_diseases_of_the_respiratory_system,background_disease,background_diagnosis.csv,event_at < target orderdate,numeric,omit token
dx_chapter__diseases_of_the_nervous_system,background_disease,background_diagnosis.csv,event_at < target orderdate,numeric,omit token
dx_chapter__diseases_of_the_nervous_system_endocrine_nutritional_and_metabolic_diseases_neoplasms,background_disease,background_diagnosis.csv,event_at < target orderdate,numeric,omit token
dx_chapter__diseases_of_the_nervous_system_symptoms_signs_and_abnormal_clinical_and_laboratory_findings_not_elsewhere_classified,background_disease,background_diagnosis.csv,event_at < target orderdate,numeric,omit token
dx_chapter__diseases_of_the_respiratory_system,background_disease,background_diagnosis.csv,event_at < target orderdate,numeric,omit token
dx_chapter__diseases_of_the_skin_and_subcutaneous_tissue,background_disease,background_diagnosis.csv,event_at < target orderdate,numeric,omit token
dx_chapter__diseases_of_the_skin_and_subcutaneous_tissue_injury_poisoning_and_certain_other_consequences_of_external_causes,background_disease,background_diagnosis.csv,event_at < target orderdate,numeric,omit token
dx_chapter__endocrine_nutritional_and_metabolic_diseases,background_disease,background_diagnosis.csv,event_at < target orderdate,numeric,omit token
dx_chapter__external_causes_of_morbidity_and_mortality,background_disease,background_diagnosis.csv,event_at < target orderdate,numeric,omit token
dx_chapter__factors_influencing_health_status_and_contact_with_health_services,background_disease,background_diagnosis.csv,event_at < target orderdate,numeric,omit token
dx_chapter__injury_poisoning_and_certain_other_consequences_of_external_causes,background_disease,background_diagnosis.csv,event_at < target orderdate,numeric,omit token
dx_chapter__injury_poisoning_and_certain_other_consequences_of_external_causes_diseases_of_the_respiratory_system,background_disease,background_diagnosis.csv,event_at < target orderdate,numeric,omit token
dx_chapter__mental_and_behavioural_disorders,background_disease,background_diagnosis.csv,event_at < target orderdate,numeric,omit token
dx_chapter__neoplasms,background_disease,background_diagnosis.csv,event_at < target orderdate,numeric,omit token
dx_chapter__neoplasms_endocrine_nutritional_and_metabolic_diseases,background_disease,background_diagnosis.csv,event_at < target orderdate,numeric,omit token
dx_chapter__neoplasms_symptoms_signs_and_abnormal_clinical_and_laboratory_findings_not_elsewhere_classified,background_disease,background_diagnosis.csv,event_at < target orderdate,numeric,omit token
dx_chapter__not_specified,background_disease,background_diagnosis.csv,event_at < target orderdate,numeric,omit token
dx_chapter__pregnancy_childbirth_and_the_puerperium,background_disease,background_diagnosis.csv,event_at < target orderdate,numeric,omit token
dx_chapter__symptoms_signs_and_abnormal_clinical_and_laboratory_findings_not_elsewhere_classified,background_disease,background_diagnosis.csv,event_at < target orderdate,numeric,omit token
dx_chapter__symptoms_signs_and_abnormal_clinical_and_laboratory_findings_not_elsewhere_classified_mental_and_behavioural_disorders,background_disease,background_diagnosis.csv,event_at < target orderdate,numeric,omit token
dx_chapter__u,background_disease,background_diagnosis.csv,event_at < target orderdate,numeric,omit token
consult__count_24h,consultation,consiliums.csv,event_at < target orderdate,numeric,omit token
consult__count_72h,consultation,consiliums.csv,event_at < target orderdate,numeric,omit token
consult__urgent_24h,consultation,consiliums.csv,event_at < target orderdate,numeric,omit token
consult__urgent_72h,consultation,consiliums.csv,event_at < target orderdate,numeric,omit token
dialysis__count_7d,dialysis,dialysis.csv,event_at < target orderdate,numeric,omit token
dialysis__days_since_last,dialysis,dialysis.csv,event_at < target orderdate,numeric,omit token
ecg__latest_atrial_fibrillation,ecg,ecg.csv,event_at < target orderdate,numeric,omit token
ecg__latest_ischemia,ecg,ecg.csv,event_at < target orderdate,numeric,omit token
ecg__prior_count,ecg,ecg.csv,event_at < target orderdate,numeric,omit token
echo__prior_count,echo,echo.csv,event_at < target orderdate,numeric,omit token
imaging___2_24h,imaging,imaging.csv,event_at < target orderdate,numeric,omit token
imaging___2_72h,imaging,imaging.csv,event_at < target orderdate,numeric,omit token
imaging__acuson_room2_24h,imaging,imaging.csv,event_at < target orderdate,numeric,omit token
imaging__acuson_room2_72h,imaging,imaging.csv,event_at < target orderdate,numeric,omit token
imaging__angio_room11_24h,imaging,imaging.csv,event_at < target orderdate,numeric,omit token
imaging__angio_room11_72h,imaging,imaging.csv,event_at < target orderdate,numeric,omit token
imaging__count_24h,imaging,imaging.csv,event_at < target orderdate,numeric,omit token
imaging__count_72h,imaging,imaging.csv,event_at < target orderdate,numeric,omit token
imaging__cr_miyun_left_24h,imaging,imaging.csv,event_at < target orderdate,numeric,omit token
imaging__cr_miyun_left_72h,imaging,imaging.csv,event_at < target orderdate,numeric,omit token
imaging__cr_room4_24h,imaging,imaging.csv,event_at < target orderdate,numeric,omit token
imaging__cr_room4_72h,imaging,imaging.csv,event_at < target orderdate,numeric,omit token
imaging__dr_miyun_24h,imaging,imaging.csv,event_at < target orderdate,numeric,omit token
imaging__dr_miyun_72h,imaging,imaging.csv,event_at < target orderdate,numeric,omit token
imaging__dr_room3_72h,imaging,imaging.csv,event_at < target orderdate,numeric,omit token
imaging__echo_1_24h,imaging,imaging.csv,event_at < target orderdate,numeric,omit token
imaging__echo_1_72h,imaging,imaging.csv,event_at < target orderdate,numeric,omit token
imaging__ge_24h,imaging,imaging.csv,event_at < target orderdate,numeric,omit token
imaging__ge_72h,imaging,imaging.csv,event_at < target orderdate,numeric,omit token
imaging__iu22_room3_24h,imaging,imaging.csv,event_at < target orderdate,numeric,omit token
imaging__iu22_room3_72h,imaging,imaging.csv,event_at < target orderdate,numeric,omit token
imaging__iu22_room4_24h,imaging,imaging.csv,event_at < target orderdate,numeric,omit token
imaging__iu22_room4_72h,imaging,imaging.csv,event_at < target orderdate,numeric,omit token
imaging__philips_brilians_128_24h,imaging,imaging.csv,event_at < target orderdate,numeric,omit token
imaging__philips_brilians_128_72h,imaging,imaging.csv,event_at < target orderdate,numeric,omit token
imaging__us_vascular_dopler_24h,imaging,imaging.csv,event_at < target orderdate,numeric,omit token
imaging__us_vascular_dopler_72h,imaging,imaging.csv,event_at < target orderdate,numeric,omit token
ALT__delta,lab_history,labs_with_Measurements.csv,event_at < target orderdate,numeric,omit token
ALT__first_admission,lab_history,labs_with_Measurements.csv,event_at < target orderdate,numeric,omit token
ALT__max_24h,lab_history,labs_with_Measurements.csv,event_at < target orderdate,numeric,omit token
ALT__max_72h,lab_history,labs_with_Measurements.csv,event_at < target orderdate,numeric,omit token
ALT__mean_24h,lab_history,labs_with_Measurements.csv,event_at < target orderdate,numeric,omit token
ALT__mean_72h,lab_history,labs_with_Measurements.csv,event_at < target orderdate,numeric,omit token
ALT__min_24h,lab_history,labs_with_Measurements.csv,event_at < target orderdate,numeric,omit token
ALT__min_72h,lab_history,labs_with_Measurements.csv,event_at < target orderdate,numeric,omit token
ALT__prev1,lab_history,labs_with_Measurements.csv,event_at < target orderdate,numeric,omit token
ALT__prev2,lab_history,labs_with_Measurements.csv,event_at < target orderdate,numeric,omit token
ALT__prev3,lab_history,labs_with_Measurements.csv,event_at < target orderdate,numeric,omit token
ALT__prior_count,lab_history,labs_with_Measurements.csv,known at target order,numeric,omit token
ALT__slope_per_day,lab_history,labs_with_Measurements.csv,event_at < target orderdate,numeric,omit token
ALT__std_72h,lab_history,labs_with_Measurements.csv,event_at < target orderdate,numeric,omit token
Albumin__delta,lab_history,labs_with_Measurements.csv,event_at < target orderdate,numeric,omit token
Albumin__first_admission,lab_history,labs_with_Measurements.csv,event_at < target orderdate,numeric,omit token
Albumin__max_24h,lab_history,labs_with_Measurements.csv,event_at < target orderdate,numeric,omit token
Albumin__max_72h,lab_history,labs_with_Measurements.csv,event_at < target orderdate,numeric,omit token
Albumin__mean_24h,lab_history,labs_with_Measurements.csv,event_at < target orderdate,numeric,omit token
Albumin__mean_72h,lab_history,labs_with_Measurements.csv,event_at < target orderdate,numeric,omit token
Albumin__min_24h,lab_history,labs_with_Measurements.csv,event_at < target orderdate,numeric,omit token
Albumin__min_72h,lab_history,labs_with_Measurements.csv,event_at < target orderdate,numeric,omit token
Albumin__prev1,lab_history,labs_with_Measurements.csv,event_at < target orderdate,numeric,omit token
Albumin__prev2,lab_history,labs_with_Measurements.csv,event_at < target orderdate,numeric,omit token
Albumin__prev3,lab_history,labs_with_Measurements.csv,event_at < target orderdate,numeric,omit token
Albumin__prior_count,lab_history,labs_with_Measurements.csv,known at target order,numeric,omit token
Albumin__slope_per_day,lab_history,labs_with_Measurements.csv,event_at < target orderdate,numeric,omit token
Albumin__std_24h,lab_history,labs_with_Measurements.csv,event_at < target orderdate,numeric,omit token
Albumin__std_72h,lab_history,labs_with_Measurements.csv,event_at < target orderdate,numeric,omit token
Bilirubin_total__delta,lab_history,labs_with_Measurements.csv,event_at < target orderdate,numeric,omit token
Bilirubin_total__first_admission,lab_history,labs_with_Measurements.csv,event_at < target orderdate,numeric,omit token
Bilirubin_total__max_24h,lab_history,labs_with_Measurements.csv,event_at < target orderdate,numeric,omit token
Bilirubin_total__max_72h,lab_history,labs_with_Measurements.csv,event_at < target orderdate,numeric,omit token
Bilirubin_total__mean_24h,lab_history,labs_with_Measurements.csv,event_at < target orderdate,numeric,omit token
Bilirubin_total__mean_72h,lab_history,labs_with_Measurements.csv,event_at < target orderdate,numeric,omit token
Bilirubin_total__min_24h,lab_history,labs_with_Measurements.csv,event_at < target orderdate,numeric,omit token
Bilirubin_total__min_72h,lab_history,labs_with_Measurements.csv,event_at < target orderdate,numeric,omit token
Bilirubin_total__prev1,lab_history,labs_with_Measurements.csv,event_at < target orderdate,numeric,omit token
Bilirubin_total__prev2,lab_history,labs_with_Measurements.csv,event_at < target orderdate,numeric,omit token
Bilirubin_total__prev3,lab_history,labs_with_Measurements.csv,event_at < target orderdate,numeric,omit token
Bilirubin_total__prior_count,lab_history,labs_with_Measurements.csv,known at target order,numeric,omit token
Bilirubin_total__slope_per_day,lab_history,labs_with_Measurements.csv,event_at < target orderdate,numeric,omit token
Bilirubin_total__std_72h,lab_history,labs_with_Measurements.csv,event_at < target orderdate,numeric,omit token
Calcium_ionized__delta,lab_history,labs_with_Measurements.csv,event_at < target orderdate,numeric,omit token
Calcium_ionized__first_admission,lab_history,labs_with_Measurements.csv,event_at < target orderdate,numeric,omit token
Calcium_ionized__max_24h,lab_history,labs_with_Measurements.csv,event_at < target orderdate,numeric,omit token
Calcium_ionized__max_72h,lab_history,labs_with_Measurements.csv,event_at < target orderdate,numeric,omit token
Calcium_ionized__mean_24h,lab_history,labs_with_Measurements.csv,event_at < target orderdate,numeric,omit token
Calcium_ionized__mean_72h,lab_history,labs_with_Measurements.csv,event_at < target orderdate,numeric,omit token
Calcium_ionized__min_24h,lab_history,labs_with_Measurements.csv,event_at < target orderdate,numeric,omit token
Calcium_ionized__min_72h,lab_history,labs_with_Measurements.csv,event_at < target orderdate,numeric,omit token
Calcium_ionized__prev1,lab_history,labs_with_Measurements.csv,event_at < target orderdate,numeric,omit token
Calcium_ionized__prev2,lab_history,labs_with_Measurements.csv,event_at < target orderdate,numeric,omit token
Calcium_ionized__prev3,lab_history,labs_with_Measurements.csv,event_at < target orderdate,numeric,omit token
Calcium_ionized__prior_count,lab_history,labs_with_Measurements.csv,known at target order,numeric,omit token
Calcium_ionized__slope_per_day,lab_history,labs_with_Measurements.csv,event_at < target orderdate,numeric,omit token
Calcium_ionized__std_24h,lab_history,labs_with_Measurements.csv,event_at < target orderdate,numeric,omit token
Calcium_ionized__std_72h,lab_history,labs_with_Measurements.csv,event_at < target orderdate,numeric,omit token
Carboxyhemoglobin__delta,lab_history,labs_with_Measurements.csv,event_at < target orderdate,numeric,omit token
Carboxyhemoglobin__first_admission,lab_history,labs_with_Measurements.csv,event_at < target orderdate,numeric,omit token
Carboxyhemoglobin__max_24h,lab_history,labs_with_Measurements.csv,event_at < target orderdate,numeric,omit token
Carboxyhemoglobin__max_72h,lab_history,labs_with_Measurements.csv,event_at < target orderdate,numeric,omit token
Carboxyhemoglobin__mean_24h,lab_history,labs_with_Measurements.csv,event_at < target orderdate,numeric,omit token
Carboxyhemoglobin__mean_72h,lab_history,labs_with_Measurements.csv,event_at < target orderdate,numeric,omit token
Carboxyhemoglobin__min_24h,lab_history,labs_with_Measurements.csv,event_at < target orderdate,numeric,omit token
Carboxyhemoglobin__min_72h,lab_history,labs_with_Measurements.csv,event_at < target orderdate,numeric,omit token
Carboxyhemoglobin__prev1,lab_history,labs_with_Measurements.csv,event_at < target orderdate,numeric,omit token
Carboxyhemoglobin__prev2,lab_history,labs_with_Measurements.csv,event_at < target orderdate,numeric,omit token
Carboxyhemoglobin__prev3,lab_history,labs_with_Measurements.csv,event_at < target orderdate,numeric,omit token
Carboxyhemoglobin__prior_count,lab_history,labs_with_Measurements.csv,known at target order,numeric,omit token
Carboxyhemoglobin__slope_per_day,lab_history,labs_with_Measurements.csv,event_at < target orderdate,numeric,omit token
Carboxyhemoglobin__std_24h,lab_history,labs_with_Measurements.csv,event_at < target orderdate,numeric,omit token
Carboxyhemoglobin__std_72h,lab_history,labs_with_Measurements.csv,event_at < target orderdate,numeric,omit token
Chloride__delta,lab_history,labs_with_Measurements.csv,event_at < target orderdate,numeric,omit token
Chloride__first_admission,lab_history,labs_with_Measurements.csv,event_at < target orderdate,numeric,omit token
Chloride__max_24h,lab_history,labs_with_Measurements.csv,event_at < target orderdate,numeric,omit token
Chloride__max_72h,lab_history,labs_with_Measurements.csv,event_at < target orderdate,numeric,omit token
Chloride__mean_24h,lab_history,labs_with_Measurements.csv,event_at < target orderdate,numeric,omit token
Chloride__mean_72h,lab_history,labs_with_Measurements.csv,event_at < target orderdate,numeric,omit token
Chloride__min_24h,lab_history,labs_with_Measurements.csv,event_at < target orderdate,numeric,omit token
Chloride__min_72h,lab_history,labs_with_Measurements.csv,event_at < target orderdate,numeric,omit token
Chloride__prev1,lab_history,labs_with_Measurements.csv,event_at < target orderdate,numeric,omit token
Chloride__prev2,lab_history,labs_with_Measurements.csv,event_at < target orderdate,numeric,omit token
Chloride__prev3,lab_history,labs_with_Measurements.csv,event_at < target orderdate,numeric,omit token
Chloride__prior_count,lab_history,labs_with_Measurements.csv,known at target order,numeric,omit token
Chloride__slope_per_day,lab_history,labs_with_Measurements.csv,event_at < target orderdate,numeric,omit token
Chloride__std_24h,lab_history,labs_with_Measurements.csv,event_at < target orderdate,numeric,omit token
Chloride__std_72h,lab_history,labs_with_Measurements.csv,event_at < target orderdate,numeric,omit token
Creatinine__delta,lab_history,labs_with_Measurements.csv,event_at < target orderdate,numeric,omit token
Creatinine__first_admission,lab_history,labs_with_Measurements.csv,event_at < target orderdate,numeric,omit token
Creatinine__max_24h,lab_history,labs_with_Measurements.csv,event_at < target orderdate,numeric,omit token
Creatinine__max_72h,lab_history,labs_with_Measurements.csv,event_at < target orderdate,numeric,omit token
Creatinine__mean_24h,lab_history,labs_with_Measurements.csv,event_at < target orderdate,numeric,omit token
Creatinine__mean_72h,lab_history,labs_with_Measurements.csv,event_at < target orderdate,numeric,omit token
Creatinine__min_24h,lab_history,labs_with_Measurements.csv,event_at < target orderdate,numeric,omit token
Creatinine__min_72h,lab_history,labs_with_Measurements.csv,event_at < target orderdate,numeric,omit token
Creatinine__prev1,lab_history,labs_with_Measurements.csv,event_at < target orderdate,numeric,omit token
Creatinine__prev2,lab_history,labs_with_Measurements.csv,event_at < target orderdate,numeric,omit token
Creatinine__prev3,lab_history,labs_with_Measurements.csv,event_at < target orderdate,numeric,omit token
Creatinine__prior_count,lab_history,labs_with_Measurements.csv,known at target order,numeric,omit token
Creatinine__slope_per_day,lab_history,labs_with_Measurements.csv,event_at < target orderdate,numeric,omit token
Creatinine__std_72h,lab_history,labs_with_Measurements.csv,event_at < target orderdate,numeric,omit token
Deoxyhemoglobin__delta,lab_history,labs_with_Measurements.csv,event_at < target orderdate,numeric,omit token
Deoxyhemoglobin__first_admission,lab_history,labs_with_Measurements.csv,event_at < target orderdate,numeric,omit token
Deoxyhemoglobin__max_24h,lab_history,labs_with_Measurements.csv,event_at < target orderdate,numeric,omit token
Deoxyhemoglobin__max_72h,lab_history,labs_with_Measurements.csv,event_at < target orderdate,numeric,omit token
Deoxyhemoglobin__mean_24h,lab_history,labs_with_Measurements.csv,event_at < target orderdate,numeric,omit token
Deoxyhemoglobin__mean_72h,lab_history,labs_with_Measurements.csv,event_at < target orderdate,numeric,omit token
Deoxyhemoglobin__min_24h,lab_history,labs_with_Measurements.csv,event_at < target orderdate,numeric,omit token
Deoxyhemoglobin__min_72h,lab_history,labs_with_Measurements.csv,event_at < target orderdate,numeric,omit token
Deoxyhemoglobin__prev1,lab_history,labs_with_Measurements.csv,event_at < target orderdate,numeric,omit token
Deoxyhemoglobin__prev2,lab_history,labs_with_Measurements.csv,event_at < target orderdate,numeric,omit token
Deoxyhemoglobin__prev3,lab_history,labs_with_Measurements.csv,event_at < target orderdate,numeric,omit token
Deoxyhemoglobin__prior_count,lab_history,labs_with_Measurements.csv,known at target order,numeric,omit token
Deoxyhemoglobin__slope_per_day,lab_history,labs_with_Measurements.csv,event_at < target orderdate,numeric,omit token
Deoxyhemoglobin__std_72h,lab_history,labs_with_Measurements.csv,event_at < target orderdate,numeric,omit token
Eos_abs__delta,lab_history,labs_with_Measurements.csv,event_at < target orderdate,numeric,omit token
Eos_abs__first_admission,lab_history,labs_with_Measurements.csv,event_at < target orderdate,numeric,omit token
Eos_abs__max_24h,lab_history,labs_with_Measurements.csv,event_at < target orderdate,numeric,omit token
Eos_abs__max_72h,lab_history,labs_with_Measurements.csv,event_at < target orderdate,numeric,omit token
Eos_abs__mean_24h,lab_history,labs_with_Measurements.csv,event_at < target orderdate,numeric,omit token
Eos_abs__mean_72h,lab_history,labs_with_Measurements.csv,event_at < target orderdate,numeric,omit token
Eos_abs__min_24h,lab_history,labs_with_Measurements.csv,event_at < target orderdate,numeric,omit token
Eos_abs__min_72h,lab_history,labs_with_Measurements.csv,event_at < target orderdate,numeric,omit token
Eos_abs__prev1,lab_history,labs_with_Measurements.csv,event_at < target orderdate,numeric,omit token
Eos_abs__prev2,lab_history,labs_with_Measurements.csv,event_at < target orderdate,numeric,omit token
Eos_abs__prev3,lab_history,labs_with_Measurements.csv,event_at < target orderdate,numeric,omit token
Eos_abs__prior_count,lab_history,labs_with_Measurements.csv,known at target order,numeric,omit token
Eos_abs__slope_per_day,lab_history,labs_with_Measurements.csv,event_at < target orderdate,numeric,omit token
Eos_abs__std_24h,lab_history,labs_with_Measurements.csv,event_at < target orderdate,numeric,omit token
Eos_abs__std_72h,lab_history,labs_with_Measurements.csv,event_at < target orderdate,numeric,omit token
GGT__delta,lab_history,labs_with_Measurements.csv,event_at < target orderdate,numeric,omit token
GGT__first_admission,lab_history,labs_with_Measurements.csv,event_at < target orderdate,numeric,omit token
GGT__max_24h,lab_history,labs_with_Measurements.csv,event_at < target orderdate,numeric,omit token
GGT__max_72h,lab_history,labs_with_Measurements.csv,event_at < target orderdate,numeric,omit token
GGT__mean_24h,lab_history,labs_with_Measurements.csv,event_at < target orderdate,numeric,omit token
GGT__mean_72h,lab_history,labs_with_Measurements.csv,event_at < target orderdate,numeric,omit token
GGT__min_24h,lab_history,labs_with_Measurements.csv,event_at < target orderdate,numeric,omit token
GGT__min_72h,lab_history,labs_with_Measurements.csv,event_at < target orderdate,numeric,omit token
GGT__prev1,lab_history,labs_with_Measurements.csv,event_at < target orderdate,numeric,omit token
GGT__prev2,lab_history,labs_with_Measurements.csv,event_at < target orderdate,numeric,omit token
GGT__prev3,lab_history,labs_with_Measurements.csv,event_at < target orderdate,numeric,omit token
GGT__prior_count,lab_history,labs_with_Measurements.csv,known at target order,numeric,omit token
GGT__slope_per_day,lab_history,labs_with_Measurements.csv,event_at < target orderdate,numeric,omit token
GGT__std_72h,lab_history,labs_with_Measurements.csv,event_at < target orderdate,numeric,omit token
Globulin__delta,lab_history,labs_with_Measurements.csv,event_at < target orderdate,numeric,omit token
Globulin__first_admission,lab_history,labs_with_Measurements.csv,event_at < target orderdate,numeric,omit token
Globulin__max_24h,lab_history,labs_with_Measurements.csv,event_at < target orderdate,numeric,omit token
Globulin__max_72h,lab_history,labs_with_Measurements.csv,event_at < target orderdate,numeric,omit token
Globulin__mean_24h,lab_history,labs_with_Measurements.csv,event_at < target orderdate,numeric,omit token
Globulin__mean_72h,lab_history,labs_with_Measurements.csv,event_at < target orderdate,numeric,omit token
Globulin__min_24h,lab_history,labs_with_Measurements.csv,event_at < target orderdate,numeric,omit token
Globulin__min_72h,lab_history,labs_with_Measurements.csv,event_at < target orderdate,numeric,omit token
Globulin__prev1,lab_history,labs_with_Measurements.csv,event_at < target orderdate,numeric,omit token
Globulin__prev2,lab_history,labs_with_Measurements.csv,event_at < target orderdate,numeric,omit token
Globulin__prev3,lab_history,labs_with_Measurements.csv,event_at < target orderdate,numeric,omit token
Globulin__prior_count,lab_history,labs_with_Measurements.csv,known at target order,numeric,omit token
Globulin__slope_per_day,lab_history,labs_with_Measurements.csv,event_at < target orderdate,numeric,omit token
Globulin__std_72h,lab_history,labs_with_Measurements.csv,event_at < target orderdate,numeric,omit token
HCT__delta,lab_history,labs_with_Measurements.csv,event_at < target orderdate,numeric,omit token
HCT__first_admission,lab_history,labs_with_Measurements.csv,event_at < target orderdate,numeric,omit token
HCT__max_24h,lab_history,labs_with_Measurements.csv,event_at < target orderdate,numeric,omit token
HCT__max_72h,lab_history,labs_with_Measurements.csv,event_at < target orderdate,numeric,omit token
HCT__mean_24h,lab_history,labs_with_Measurements.csv,event_at < target orderdate,numeric,omit token
HCT__mean_72h,lab_history,labs_with_Measurements.csv,event_at < target orderdate,numeric,omit token
HCT__min_24h,lab_history,labs_with_Measurements.csv,event_at < target orderdate,numeric,omit token
HCT__min_72h,lab_history,labs_with_Measurements.csv,event_at < target orderdate,numeric,omit token
HCT__prev1,lab_history,labs_with_Measurements.csv,event_at < target orderdate,numeric,omit token
HCT__prev2,lab_history,labs_with_Measurements.csv,event_at < target orderdate,numeric,omit token
HCT__prev3,lab_history,labs_with_Measurements.csv,event_at < target orderdate,numeric,omit token
HCT__prior_count,lab_history,labs_with_Measurements.csv,known at target order,numeric,omit token
HCT__slope_per_day,lab_history,labs_with_Measurements.csv,event_at < target orderdate,numeric,omit token
HCT__std_24h,lab_history,labs_with_Measurements.csv,event_at < target orderdate,numeric,omit token
HCT__std_72h,lab_history,labs_with_Measurements.csv,event_at < target orderdate,numeric,omit token
HGB__delta,lab_history,labs_with_Measurements.csv,event_at < target orderdate,numeric,omit token
HGB__first_admission,lab_history,labs_with_Measurements.csv,event_at < target orderdate,numeric,omit token
HGB__max_24h,lab_history,labs_with_Measurements.csv,event_at < target orderdate,numeric,omit token
HGB__max_72h,lab_history,labs_with_Measurements.csv,event_at < target orderdate,numeric,omit token
HGB__mean_24h,lab_history,labs_with_Measurements.csv,event_at < target orderdate,numeric,omit token
HGB__mean_72h,lab_history,labs_with_Measurements.csv,event_at < target orderdate,numeric,omit token
HGB__min_24h,lab_history,labs_with_Measurements.csv,event_at < target orderdate,numeric,omit token
HGB__min_72h,lab_history,labs_with_Measurements.csv,event_at < target orderdate,numeric,omit token
HGB__prev1,lab_history,labs_with_Measurements.csv,event_at < target orderdate,numeric,omit token
HGB__prev2,lab_history,labs_with_Measurements.csv,event_at < target orderdate,numeric,omit token
HGB__prev3,lab_history,labs_with_Measurements.csv,event_at < target orderdate,numeric,omit token
HGB__prior_count,lab_history,labs_with_Measurements.csv,known at target order,numeric,omit token
HGB__slope_per_day,lab_history,labs_with_Measurements.csv,event_at < target orderdate,numeric,omit token
HGB__std_24h,lab_history,labs_with_Measurements.csv,event_at < target orderdate,numeric,omit token
HGB__std_72h,lab_history,labs_with_Measurements.csv,event_at < target orderdate,numeric,omit token
Lympho_abs__delta,lab_history,labs_with_Measurements.csv,event_at < target orderdate,numeric,omit token
Lympho_abs__first_admission,lab_history,labs_with_Measurements.csv,event_at < target orderdate,numeric,omit token
Lympho_abs__max_24h,lab_history,labs_with_Measurements.csv,event_at < target orderdate,numeric,omit token
Lympho_abs__max_72h,lab_history,labs_with_Measurements.csv,event_at < target orderdate,numeric,omit token
Lympho_abs__mean_24h,lab_history,labs_with_Measurements.csv,event_at < target orderdate,numeric,omit token
Lympho_abs__mean_72h,lab_history,labs_with_Measurements.csv,event_at < target orderdate,numeric,omit token
Lympho_abs__min_24h,lab_history,labs_with_Measurements.csv,event_at < target orderdate,numeric,omit token
Lympho_abs__min_72h,lab_history,labs_with_Measurements.csv,event_at < target orderdate,numeric,omit token
Lympho_abs__prev1,lab_history,labs_with_Measurements.csv,event_at < target orderdate,numeric,omit token
Lympho_abs__prev2,lab_history,labs_with_Measurements.csv,event_at < target orderdate,numeric,omit token
Lympho_abs__prior_count,lab_history,labs_with_Measurements.csv,known at target order,numeric,omit token
Lympho_abs__slope_per_day,lab_history,labs_with_Measurements.csv,event_at < target orderdate,numeric,omit token
Lympho_abs__std_72h,lab_history,labs_with_Measurements.csv,event_at < target orderdate,numeric,omit token
MCV__first_admission,lab_history,labs_with_Measurements.csv,event_at < target orderdate,numeric,omit token
MCV__max_24h,lab_history,labs_with_Measurements.csv,event_at < target orderdate,numeric,omit token
MCV__max_72h,lab_history,labs_with_Measurements.csv,event_at < target orderdate,numeric,omit token
MCV__mean_24h,lab_history,labs_with_Measurements.csv,event_at < target orderdate,numeric,omit token
MCV__mean_72h,lab_history,labs_with_Measurements.csv,event_at < target orderdate,numeric,omit token
MCV__min_24h,lab_history,labs_with_Measurements.csv,event_at < target orderdate,numeric,omit token
MCV__min_72h,lab_history,labs_with_Measurements.csv,event_at < target orderdate,numeric,omit token
MCV__prev1,lab_history,labs_with_Measurements.csv,event_at < target orderdate,numeric,omit token
MCV__prior_count,lab_history,labs_with_Measurements.csv,known at target order,numeric,omit token
MPV__delta,lab_history,labs_with_Measurements.csv,event_at < target orderdate,numeric,omit token
MPV__first_admission,lab_history,labs_with_Measurements.csv,event_at < target orderdate,numeric,omit token
MPV__max_24h,lab_history,labs_with_Measurements.csv,event_at < target orderdate,numeric,omit token
MPV__max_72h,lab_history,labs_with_Measurements.csv,event_at < target orderdate,numeric,omit token
MPV__mean_24h,lab_history,labs_with_Measurements.csv,event_at < target orderdate,numeric,omit token
MPV__mean_72h,lab_history,labs_with_Measurements.csv,event_at < target orderdate,numeric,omit token
MPV__min_24h,lab_history,labs_with_Measurements.csv,event_at < target orderdate,numeric,omit token
MPV__min_72h,lab_history,labs_with_Measurements.csv,event_at < target orderdate,numeric,omit token
MPV__prev1,lab_history,labs_with_Measurements.csv,event_at < target orderdate,numeric,omit token
MPV__prev2,lab_history,labs_with_Measurements.csv,event_at < target orderdate,numeric,omit token
MPV__prev3,lab_history,labs_with_Measurements.csv,event_at < target orderdate,numeric,omit token
MPV__prior_count,lab_history,labs_with_Measurements.csv,known at target order,numeric,omit token
MPV__slope_per_day,lab_history,labs_with_Measurements.csv,event_at < target orderdate,numeric,omit token
MPV__std_72h,lab_history,labs_with_Measurements.csv,event_at < target orderdate,numeric,omit token
Magnesium__delta,lab_history,labs_with_Measurements.csv,event_at < target orderdate,numeric,omit token
Magnesium__first_admission,lab_history,labs_with_Measurements.csv,event_at < target orderdate,numeric,omit token
Magnesium__max_24h,lab_history,labs_with_Measurements.csv,event_at < target orderdate,numeric,omit token
Magnesium__max_72h,lab_history,labs_with_Measurements.csv,event_at < target orderdate,numeric,omit token
Magnesium__mean_24h,lab_history,labs_with_Measurements.csv,event_at < target orderdate,numeric,omit token
Magnesium__mean_72h,lab_history,labs_with_Measurements.csv,event_at < target orderdate,numeric,omit token
Magnesium__min_24h,lab_history,labs_with_Measurements.csv,event_at < target orderdate,numeric,omit token
Magnesium__min_72h,lab_history,labs_with_Measurements.csv,event_at < target orderdate,numeric,omit token
Magnesium__prev1,lab_history,labs_with_Measurements.csv,event_at < target orderdate,numeric,omit token
Magnesium__prev2,lab_history,labs_with_Measurements.csv,event_at < target orderdate,numeric,omit token
Magnesium__prev3,lab_history,labs_with_Measurements.csv,event_at < target orderdate,numeric,omit token
Magnesium__prior_count,lab_history,labs_with_Measurements.csv,known at target order,numeric,omit token
Magnesium__slope_per_day,lab_history,labs_with_Measurements.csv,event_at < target orderdate,numeric,omit token
Magnesium__std_72h,lab_history,labs_with_Measurements.csv,event_at < target orderdate,numeric,omit token
Osmolality__delta,lab_history,labs_with_Measurements.csv,event_at < target orderdate,numeric,omit token
Osmolality__first_admission,lab_history,labs_with_Measurements.csv,event_at < target orderdate,numeric,omit token
Osmolality__max_24h,lab_history,labs_with_Measurements.csv,event_at < target orderdate,numeric,omit token
Osmolality__max_72h,lab_history,labs_with_Measurements.csv,event_at < target orderdate,numeric,omit token
Osmolality__mean_24h,lab_history,labs_with_Measurements.csv,event_at < target orderdate,numeric,omit token
Osmolality__mean_72h,lab_history,labs_with_Measurements.csv,event_at < target orderdate,numeric,omit token
Osmolality__min_24h,lab_history,labs_with_Measurements.csv,event_at < target orderdate,numeric,omit token
Osmolality__min_72h,lab_history,labs_with_Measurements.csv,event_at < target orderdate,numeric,omit token
Osmolality__prev1,lab_history,labs_with_Measurements.csv,event_at < target orderdate,numeric,omit token
Osmolality__prev2,lab_history,labs_with_Measurements.csv,event_at < target orderdate,numeric,omit token
Osmolality__prev3,lab_history,labs_with_Measurements.csv,event_at < target orderdate,numeric,omit token
Osmolality__prior_count,lab_history,labs_with_Measurements.csv,known at target order,numeric,omit token
Osmolality__slope_per_day,lab_history,labs_with_Measurements.csv,event_at < target orderdate,numeric,omit token
Osmolality__std_72h,lab_history,labs_with_Measurements.csv,event_at < target orderdate,numeric,omit token
Oxyhemoglobin__delta,lab_history,labs_with_Measurements.csv,event_at < target orderdate,numeric,omit token
Oxyhemoglobin__first_admission,lab_history,labs_with_Measurements.csv,event_at < target orderdate,numeric,omit token
Oxyhemoglobin__max_24h,lab_history,labs_with_Measurements.csv,event_at < target orderdate,numeric,omit token
Oxyhemoglobin__max_72h,lab_history,labs_with_Measurements.csv,event_at < target orderdate,numeric,omit token
Oxyhemoglobin__mean_24h,lab_history,labs_with_Measurements.csv,event_at < target orderdate,numeric,omit token
Oxyhemoglobin__mean_72h,lab_history,labs_with_Measurements.csv,event_at < target orderdate,numeric,omit token
Oxyhemoglobin__min_24h,lab_history,labs_with_Measurements.csv,event_at < target orderdate,numeric,omit token
Oxyhemoglobin__min_72h,lab_history,labs_with_Measurements.csv,event_at < target orderdate,numeric,omit token
Oxyhemoglobin__prev1,lab_history,labs_with_Measurements.csv,event_at < target orderdate,numeric,omit token
Oxyhemoglobin__prev2,lab_history,labs_with_Measurements.csv,event_at < target orderdate,numeric,omit token
Oxyhemoglobin__prev3,lab_history,labs_with_Measurements.csv,event_at < target orderdate,numeric,omit token
Oxyhemoglobin__prior_count,lab_history,labs_with_Measurements.csv,known at target order,numeric,omit token
Oxyhemoglobin__slope_per_day,lab_history,labs_with_Measurements.csv,event_at < target orderdate,numeric,omit token
PLT__delta,lab_history,labs_with_Measurements.csv,event_at < target orderdate,numeric,omit token
PLT__first_admission,lab_history,labs_with_Measurements.csv,event_at < target orderdate,numeric,omit token
PLT__max_24h,lab_history,labs_with_Measurements.csv,event_at < target orderdate,numeric,omit token
PLT__max_72h,lab_history,labs_with_Measurements.csv,event_at < target orderdate,numeric,omit token
PLT__mean_24h,lab_history,labs_with_Measurements.csv,event_at < target orderdate,numeric,omit token
PLT__mean_72h,lab_history,labs_with_Measurements.csv,event_at < target orderdate,numeric,omit token
PLT__min_24h,lab_history,labs_with_Measurements.csv,event_at < target orderdate,numeric,omit token
PLT__min_72h,lab_history,labs_with_Measurements.csv,event_at < target orderdate,numeric,omit token
PLT__prev1,lab_history,labs_with_Measurements.csv,event_at < target orderdate,numeric,omit token
PLT__prev2,lab_history,labs_with_Measurements.csv,event_at < target orderdate,numeric,omit token
PLT__prev3,lab_history,labs_with_Measurements.csv,event_at < target orderdate,numeric,omit token
PLT__prior_count,lab_history,labs_with_Measurements.csv,known at target order,numeric,omit token
PLT__slope_per_day,lab_history,labs_with_Measurements.csv,event_at < target orderdate,numeric,omit token
PLT__std_72h,lab_history,labs_with_Measurements.csv,event_at < target orderdate,numeric,omit token
Phosphorus__delta,lab_history,labs_with_Measurements.csv,event_at < target orderdate,numeric,omit token
Phosphorus__first_admission,lab_history,labs_with_Measurements.csv,event_at < target orderdate,numeric,omit token
Phosphorus__max_24h,lab_history,labs_with_Measurements.csv,event_at < target orderdate,numeric,omit token
Phosphorus__max_72h,lab_history,labs_with_Measurements.csv,event_at < target orderdate,numeric,omit token
Phosphorus__mean_24h,lab_history,labs_with_Measurements.csv,event_at < target orderdate,numeric,omit token
Phosphorus__mean_72h,lab_history,labs_with_Measurements.csv,event_at < target orderdate,numeric,omit token
Phosphorus__min_24h,lab_history,labs_with_Measurements.csv,event_at < target orderdate,numeric,omit token
Phosphorus__min_72h,lab_history,labs_with_Measurements.csv,event_at < target orderdate,numeric,omit token
Phosphorus__prev1,lab_history,labs_with_Measurements.csv,event_at < target orderdate,numeric,omit token
Phosphorus__prev2,lab_history,labs_with_Measurements.csv,event_at < target orderdate,numeric,omit token
Phosphorus__prev3,lab_history,labs_with_Measurements.csv,event_at < target orderdate,numeric,omit token
Phosphorus__prior_count,lab_history,labs_with_Measurements.csv,known at target order,numeric,omit token
Phosphorus__slope_per_day,lab_history,labs_with_Measurements.csv,event_at < target orderdate,numeric,omit token
Phosphorus__std_72h,lab_history,labs_with_Measurements.csv,event_at < target orderdate,numeric,omit token
Potassium__delta,lab_history,labs_with_Measurements.csv,event_at < target orderdate,numeric,omit token
Potassium__first_admission,lab_history,labs_with_Measurements.csv,event_at < target orderdate,numeric,omit token
Potassium__max_72h,lab_history,labs_with_Measurements.csv,event_at < target orderdate,numeric,omit token
Potassium__mean_72h,lab_history,labs_with_Measurements.csv,event_at < target orderdate,numeric,omit token
Potassium__min_72h,lab_history,labs_with_Measurements.csv,event_at < target orderdate,numeric,omit token
Potassium__prev1,lab_history,labs_with_Measurements.csv,event_at < target orderdate,numeric,omit token
Potassium__prev2,lab_history,labs_with_Measurements.csv,event_at < target orderdate,numeric,omit token
Potassium__prev3,lab_history,labs_with_Measurements.csv,event_at < target orderdate,numeric,omit token
Potassium__prior_count,lab_history,labs_with_Measurements.csv,known at target order,numeric,omit token
Potassium__slope_per_day,lab_history,labs_with_Measurements.csv,event_at < target orderdate,numeric,omit token
Potassium__std_72h,lab_history,labs_with_Measurements.csv,event_at < target orderdate,numeric,omit token
RDW__delta,lab_history,labs_with_Measurements.csv,event_at < target orderdate,numeric,omit token
RDW__first_admission,lab_history,labs_with_Measurements.csv,event_at < target orderdate,numeric,omit token
RDW__max_24h,lab_history,labs_with_Measurements.csv,event_at < target orderdate,numeric,omit token
RDW__max_72h,lab_history,labs_with_Measurements.csv,event_at < target orderdate,numeric,omit token
RDW__mean_24h,lab_history,labs_with_Measurements.csv,event_at < target orderdate,numeric,omit token
RDW__mean_72h,lab_history,labs_with_Measurements.csv,event_at < target orderdate,numeric,omit token
RDW__min_24h,lab_history,labs_with_Measurements.csv,event_at < target orderdate,numeric,omit token
RDW__min_72h,lab_history,labs_with_Measurements.csv,event_at < target orderdate,numeric,omit token
RDW__prev1,lab_history,labs_with_Measurements.csv,event_at < target orderdate,numeric,omit token
RDW__prev2,lab_history,labs_with_Measurements.csv,event_at < target orderdate,numeric,omit token
RDW__prev3,lab_history,labs_with_Measurements.csv,event_at < target orderdate,numeric,omit token
RDW__prior_count,lab_history,labs_with_Measurements.csv,known at target order,numeric,omit token
RDW__slope_per_day,lab_history,labs_with_Measurements.csv,event_at < target orderdate,numeric,omit token
RDW__std_72h,lab_history,labs_with_Measurements.csv,event_at < target orderdate,numeric,omit token
Sodium__delta,lab_history,labs_with_Measurements.csv,event_at < target orderdate,numeric,omit token
Sodium__first_admission,lab_history,labs_with_Measurements.csv,event_at < target orderdate,numeric,omit token
Sodium__max_72h,lab_history,labs_with_Measurements.csv,event_at < target orderdate,numeric,omit token
Sodium__mean_72h,lab_history,labs_with_Measurements.csv,event_at < target orderdate,numeric,omit token
Sodium__min_72h,lab_history,labs_with_Measurements.csv,event_at < target orderdate,numeric,omit token
Sodium__prev1,lab_history,labs_with_Measurements.csv,event_at < target orderdate,numeric,omit token
Sodium__prev2,lab_history,labs_with_Measurements.csv,event_at < target orderdate,numeric,omit token
Sodium__prev3,lab_history,labs_with_Measurements.csv,event_at < target orderdate,numeric,omit token
Sodium__prior_count,lab_history,labs_with_Measurements.csv,known at target order,numeric,omit token
Sodium__slope_per_day,lab_history,labs_with_Measurements.csv,event_at < target orderdate,numeric,omit token
Urea__delta,lab_history,labs_with_Measurements.csv,event_at < target orderdate,numeric,omit token
Urea__first_admission,lab_history,labs_with_Measurements.csv,event_at < target orderdate,numeric,omit token
Urea__max_24h,lab_history,labs_with_Measurements.csv,event_at < target orderdate,numeric,omit token
Urea__max_72h,lab_history,labs_with_Measurements.csv,event_at < target orderdate,numeric,omit token
Urea__mean_24h,lab_history,labs_with_Measurements.csv,event_at < target orderdate,numeric,omit token
Urea__mean_72h,lab_history,labs_with_Measurements.csv,event_at < target orderdate,numeric,omit token
Urea__min_24h,lab_history,labs_with_Measurements.csv,event_at < target orderdate,numeric,omit token
Urea__min_72h,lab_history,labs_with_Measurements.csv,event_at < target orderdate,numeric,omit token
Urea__prev1,lab_history,labs_with_Measurements.csv,event_at < target orderdate,numeric,omit token
Urea__prev2,lab_history,labs_with_Measurements.csv,event_at < target orderdate,numeric,omit token
Urea__prev3,lab_history,labs_with_Measurements.csv,event_at < target orderdate,numeric,omit token
Urea__prior_count,lab_history,labs_with_Measurements.csv,known at target order,numeric,omit token
Urea__slope_per_day,lab_history,labs_with_Measurements.csv,event_at < target orderdate,numeric,omit token
Urea__std_72h,lab_history,labs_with_Measurements.csv,event_at < target orderdate,numeric,omit token
pCO2__delta,lab_history,labs_with_Measurements.csv,event_at < target orderdate,numeric,omit token
pCO2__first_admission,lab_history,labs_with_Measurements.csv,event_at < target orderdate,numeric,omit token
pCO2__max_24h,lab_history,labs_with_Measurements.csv,event_at < target orderdate,numeric,omit token
pCO2__max_72h,lab_history,labs_with_Measurements.csv,event_at < target orderdate,numeric,omit token
pCO2__mean_24h,lab_history,labs_with_Measurements.csv,event_at < target orderdate,numeric,omit token
pCO2__mean_72h,lab_history,labs_with_Measurements.csv,event_at < target orderdate,numeric,omit token
pCO2__min_24h,lab_history,labs_with_Measurements.csv,event_at < target orderdate,numeric,omit token
pCO2__min_72h,lab_history,labs_with_Measurements.csv,event_at < target orderdate,numeric,omit token
pCO2__prev1,lab_history,labs_with_Measurements.csv,event_at < target orderdate,numeric,omit token
pCO2__prev2,lab_history,labs_with_Measurements.csv,event_at < target orderdate,numeric,omit token
pCO2__prior_count,lab_history,labs_with_Measurements.csv,known at target order,numeric,omit token
pCO2__slope_per_day,lab_history,labs_with_Measurements.csv,event_at < target orderdate,numeric,omit token
pCO2__std_72h,lab_history,labs_with_Measurements.csv,event_at < target orderdate,numeric,omit token
pH__delta,lab_history,labs_with_Measurements.csv,event_at < target orderdate,numeric,omit token
pH__first_admission,lab_history,labs_with_Measurements.csv,event_at < target orderdate,numeric,omit token
pH__max_24h,lab_history,labs_with_Measurements.csv,event_at < target orderdate,numeric,omit token
pH__max_72h,lab_history,labs_with_Measurements.csv,event_at < target orderdate,numeric,omit token
pH__mean_24h,lab_history,labs_with_Measurements.csv,event_at < target orderdate,numeric,omit token
pH__mean_72h,lab_history,labs_with_Measurements.csv,event_at < target orderdate,numeric,omit token
pH__min_24h,lab_history,labs_with_Measurements.csv,event_at < target orderdate,numeric,omit token
pH__min_72h,lab_history,labs_with_Measurements.csv,event_at < target orderdate,numeric,omit token
pH__prev1,lab_history,labs_with_Measurements.csv,event_at < target orderdate,numeric,omit token
pH__prev2,lab_history,labs_with_Measurements.csv,event_at < target orderdate,numeric,omit token
pH__prev3,lab_history,labs_with_Measurements.csv,event_at < target orderdate,numeric,omit token
pH__prior_count,lab_history,labs_with_Measurements.csv,known at target order,numeric,omit token
pH__slope_per_day,lab_history,labs_with_Measurements.csv,event_at < target orderdate,numeric,omit token
pH__std_24h,lab_history,labs_with_Measurements.csv,event_at < target orderdate,numeric,omit token
pH__std_72h,lab_history,labs_with_Measurements.csv,event_at < target orderdate,numeric,omit token
pO2__delta,lab_history,labs_with_Measurements.csv,event_at < target orderdate,numeric,omit token
pO2__first_admission,lab_history,labs_with_Measurements.csv,event_at < target orderdate,numeric,omit token
pO2__max_24h,lab_history,labs_with_Measurements.csv,event_at < target orderdate,numeric,omit token
pO2__max_72h,lab_history,labs_with_Measurements.csv,event_at < target orderdate,numeric,omit token
pO2__mean_24h,lab_history,labs_with_Measurements.csv,event_at < target orderdate,numeric,omit token
pO2__mean_72h,lab_history,labs_with_Measurements.csv,event_at < target orderdate,numeric,omit token
pO2__min_24h,lab_history,labs_with_Measurements.csv,event_at < target orderdate,numeric,omit token
pO2__min_72h,lab_history,labs_with_Measurements.csv,event_at < target orderdate,numeric,omit token
pO2__prev1,lab_history,labs_with_Measurements.csv,event_at < target orderdate,numeric,omit token
pO2__prev2,lab_history,labs_with_Measurements.csv,event_at < target orderdate,numeric,omit token
pO2__prev3,lab_history,labs_with_Measurements.csv,event_at < target orderdate,numeric,omit token
pO2__prior_count,lab_history,labs_with_Measurements.csv,known at target order,numeric,omit token
pO2__slope_per_day,lab_history,labs_with_Measurements.csv,event_at < target orderdate,numeric,omit token
pO2__std_72h,lab_history,labs_with_Measurements.csv,event_at < target orderdate,numeric,omit token
med__administrations_24h,medication,execution_drugs.csv,event_at < target orderdate,numeric,omit token
med__administrations_72h,medication,execution_drugs.csv,event_at < target orderdate,numeric,omit token
med__atc1__alimentary_tract_and_metabolism__24h,medication,execution_drugs.csv,event_at < target orderdate,numeric,omit token
med__atc1__alimentary_tract_and_metabolism__72h,medication,execution_drugs.csv,event_at < target orderdate,numeric,omit token
med__atc1__antiinfectives_for_systemic_use__24h,medication,execution_drugs.csv,event_at < target orderdate,numeric,omit token
med__atc1__antiinfectives_for_systemic_use__72h,medication,execution_drugs.csv,event_at < target orderdate,numeric,omit token
med__atc1__antineoplastic_and_immunomodulating_agents__24h,medication,execution_drugs.csv,event_at < target orderdate,numeric,omit token
med__atc1__antineoplastic_and_immunomodulating_agents__72h,medication,execution_drugs.csv,event_at < target orderdate,numeric,omit token
med__atc1__antiparasitic_products_insecticides_and_repellents__24h,medication,execution_drugs.csv,event_at < target orderdate,numeric,omit token
med__atc1__antiparasitic_products_insecticides_and_repellents__72h,medication,execution_drugs.csv,event_at < target orderdate,numeric,omit token
med__atc1__blood_and_blood_forming_organs__24h,medication,execution_drugs.csv,event_at < target orderdate,numeric,omit token
med__atc1__blood_and_blood_forming_organs__72h,medication,execution_drugs.csv,event_at < target orderdate,numeric,omit token
med__atc1__cardiovascular_system__24h,medication,execution_drugs.csv,event_at < target orderdate,numeric,omit token
med__atc1__cardiovascular_system__72h,medication,execution_drugs.csv,event_at < target orderdate,numeric,omit token
med__atc1__dermatologicals__24h,medication,execution_drugs.csv,event_at < target orderdate,numeric,omit token
med__atc1__dermatologicals__72h,medication,execution_drugs.csv,event_at < target orderdate,numeric,omit token
med__atc1__genito_urinary_system_and_sex_hormones__24h,medication,execution_drugs.csv,event_at < target orderdate,numeric,omit token
med__atc1__genito_urinary_system_and_sex_hormones__72h,medication,execution_drugs.csv,event_at < target orderdate,numeric,omit token
med__atc1__musculo_skeletal_system__24h,medication,execution_drugs.csv,event_at < target orderdate,numeric,omit token
med__atc1__musculo_skeletal_system__72h,medication,execution_drugs.csv,event_at < target orderdate,numeric,omit token
med__atc1__nervous_system__24h,medication,execution_drugs.csv,event_at < target orderdate,numeric,omit token
med__atc1__nervous_system__72h,medication,execution_drugs.csv,event_at < target orderdate,numeric,omit token
med__atc1__respiratory_system__24h,medication,execution_drugs.csv,event_at < target orderdate,numeric,omit token
med__atc1__respiratory_system__72h,medication,execution_drugs.csv,event_at < target orderdate,numeric,omit token
med__atc1__sensory_organs__24h,medication,execution_drugs.csv,event_at < target orderdate,numeric,omit token
med__atc1__sensory_organs__72h,medication,execution_drugs.csv,event_at < target orderdate,numeric,omit token
med__atc1__systemic_hormonal_preparations_excluding_sex_hormones_and_insulins__24h,medication,execution_drugs.csv,event_at < target orderdate,numeric,omit token
med__atc1__systemic_hormonal_preparations_excluding_sex_hormones_and_insulins__72h,medication,execution_drugs.csv,event_at < target orderdate,numeric,omit token
med__atc1__unspecified__24h,medication,execution_drugs.csv,event_at < target orderdate,numeric,omit token
med__atc1__unspecified__72h,medication,execution_drugs.csv,event_at < target orderdate,numeric,omit token
med__atc1__various__24h,medication,execution_drugs.csv,event_at < target orderdate,numeric,omit token
med__atc1__various__72h,medication,execution_drugs.csv,event_at < target orderdate,numeric,omit token
med__high_risk_24h,medication,execution_drugs.csv,event_at < target orderdate,numeric,omit token
med__high_risk_72h,medication,execution_drugs.csv,event_at < target orderdate,numeric,omit token
med__iv_solution_24h,medication,execution_drugs.csv,event_at < target orderdate,numeric,omit token
med__iv_solution_72h,medication,execution_drugs.csv,event_at < target orderdate,numeric,omit token
med__unique_24h,medication,execution_drugs.csv,event_at < target orderdate,numeric,omit token
med__unique_72h,medication,execution_drugs.csv,event_at < target orderdate,numeric,omit token
Glucose__latest,panel_sibling,labs_with_Measurements.csv,event_at < target orderdate,numeric,omit token
Reticulo_abs__latest,panel_sibling,labs_with_Measurements.csv,event_at < target orderdate,numeric,omit token
pO2__latest,panel_sibling,labs_with_Measurements.csv,event_at < target orderdate,numeric,omit token
ALT__latest,unrelated_lab,labs_with_Measurements.csv,event_at < target orderdate,numeric,omit token
AST__latest,unrelated_lab,labs_with_Measurements.csv,event_at < target orderdate,numeric,omit token
Albumin__latest,unrelated_lab,labs_with_Measurements.csv,event_at < target orderdate,numeric,omit token
Alkaline_Phosphatase__latest,unrelated_lab,labs_with_Measurements.csv,event_at < target orderdate,numeric,omit token
Amylase__latest,unrelated_lab,labs_with_Measurements.csv,event_at < target orderdate,numeric,omit token
Baso_abs__latest,unrelated_lab,labs_with_Measurements.csv,event_at < target orderdate,numeric,omit token
Bilirubin_direct__latest,unrelated_lab,labs_with_Measurements.csv,event_at < target orderdate,numeric,omit token
Bilirubin_total__latest,unrelated_lab,labs_with_Measurements.csv,event_at < target orderdate,numeric,omit token
CPK__latest,unrelated_lab,labs_with_Measurements.csv,event_at < target orderdate,numeric,omit token
CRP__latest,unrelated_lab,labs_with_Measurements.csv,event_at < target orderdate,numeric,omit token
Calcium__latest,unrelated_lab,labs_with_Measurements.csv,event_at < target orderdate,numeric,omit token
Calcium_ionized__latest,unrelated_lab,labs_with_Measurements.csv,event_at < target orderdate,numeric,omit token
Carboxyhemoglobin__latest,unrelated_lab,labs_with_Measurements.csv,event_at < target orderdate,numeric,omit token
Chloride__latest,unrelated_lab,labs_with_Measurements.csv,event_at < target orderdate,numeric,omit token
Cholesterol__latest,unrelated_lab,labs_with_Measurements.csv,event_at < target orderdate,numeric,omit token
Creatinine__latest,unrelated_lab,labs_with_Measurements.csv,event_at < target orderdate,numeric,omit token
Deoxyhemoglobin__latest,unrelated_lab,labs_with_Measurements.csv,event_at < target orderdate,numeric,omit token
Eos_abs__latest,unrelated_lab,labs_with_Measurements.csv,event_at < target orderdate,numeric,omit token
Ferritin__latest,unrelated_lab,labs_with_Measurements.csv,event_at < target orderdate,numeric,omit token
Folate__latest,unrelated_lab,labs_with_Measurements.csv,event_at < target orderdate,numeric,omit token
GGT__latest,unrelated_lab,labs_with_Measurements.csv,event_at < target orderdate,numeric,omit token
Globulin__latest,unrelated_lab,labs_with_Measurements.csv,event_at < target orderdate,numeric,omit token
HCT__latest,unrelated_lab,labs_with_Measurements.csv,event_at < target orderdate,numeric,omit token
HDL__latest,unrelated_lab,labs_with_Measurements.csv,event_at < target orderdate,numeric,omit token
HGB__latest,unrelated_lab,labs_with_Measurements.csv,event_at < target orderdate,numeric,omit token
HbA1c_pct__latest,unrelated_lab,labs_with_Measurements.csv,event_at < target orderdate,numeric,omit token
Iron__latest,unrelated_lab,labs_with_Measurements.csv,event_at < target orderdate,numeric,omit token
LDH__latest,unrelated_lab,labs_with_Measurements.csv,event_at < target orderdate,numeric,omit token
LDL__latest,unrelated_lab,labs_with_Measurements.csv,event_at < target orderdate,numeric,omit token
Lactate__latest,unrelated_lab,labs_with_Measurements.csv,event_at < target orderdate,numeric,omit token
Lympho_abs__latest,unrelated_lab,labs_with_Measurements.csv,event_at < target orderdate,numeric,omit token
MCV__latest,unrelated_lab,labs_with_Measurements.csv,event_at < target orderdate,numeric,omit token
MPV__latest,unrelated_lab,labs_with_Measurements.csv,event_at < target orderdate,numeric,omit token
Magnesium__latest,unrelated_lab,labs_with_Measurements.csv,event_at < target orderdate,numeric,omit token
Methemoglobin__latest,unrelated_lab,labs_with_Measurements.csv,event_at < target orderdate,numeric,omit token
Mono_abs__latest,unrelated_lab,labs_with_Measurements.csv,event_at < target orderdate,numeric,omit token
NRBC_abs__latest,unrelated_lab,labs_with_Measurements.csv,event_at < target orderdate,numeric,omit token
Neutro_abs__latest,unrelated_lab,labs_with_Measurements.csv,event_at < target orderdate,numeric,omit token
O2_saturation__latest,unrelated_lab,labs_with_Measurements.csv,event_at < target orderdate,numeric,omit token
Osmolality__latest,unrelated_lab,labs_with_Measurements.csv,event_at < target orderdate,numeric,omit token
Oxyhemoglobin__latest,unrelated_lab,labs_with_Measurements.csv,event_at < target orderdate,numeric,omit token
PLT__latest,unrelated_lab,labs_with_Measurements.csv,event_at < target orderdate,numeric,omit token
PTT__latest,unrelated_lab,labs_with_Measurements.csv,event_at < target orderdate,numeric,omit token
PT__latest,unrelated_lab,labs_with_Measurements.csv,event_at < target orderdate,numeric,omit token
Phosphorus__latest,unrelated_lab,labs_with_Measurements.csv,event_at < target orderdate,numeric,omit token
Potassium__latest,unrelated_lab,labs_with_Measurements.csv,event_at < target orderdate,numeric,omit token
Protein_total__latest,unrelated_lab,labs_with_Measurements.csv,event_at < target orderdate,numeric,omit token
RBC__latest,unrelated_lab,labs_with_Measurements.csv,event_at < target orderdate,numeric,omit token
RDW__latest,unrelated_lab,labs_with_Measurements.csv,event_at < target orderdate,numeric,omit token
Sodium__latest,unrelated_lab,labs_with_Measurements.csv,event_at < target orderdate,numeric,omit token
Specific_gravity__latest,unrelated_lab,labs_with_Measurements.csv,event_at < target orderdate,numeric,omit token
TSH__latest,unrelated_lab,labs_with_Measurements.csv,event_at < target orderdate,numeric,omit token
Transferrin__latest,unrelated_lab,labs_with_Measurements.csv,event_at < target orderdate,numeric,omit token
Triglycerides__latest,unrelated_lab,labs_with_Measurements.csv,event_at < target orderdate,numeric,omit token
Troponin_I_HS__latest,unrelated_lab,labs_with_Measurements.csv,event_at < target orderdate,numeric,omit token
Urea__latest,unrelated_lab,labs_with_Measurements.csv,event_at < target orderdate,numeric,omit token
Uric_acid__latest,unrelated_lab,labs_with_Measurements.csv,event_at < target orderdate,numeric,omit token
Urobilinogen__latest,unrelated_lab,labs_with_Measurements.csv,event_at < target orderdate,numeric,omit token
Vitamin_B12__latest,unrelated_lab,labs_with_Measurements.csv,event_at < target orderdate,numeric,omit token
WBC__latest,unrelated_lab,labs_with_Measurements.csv,event_at < target orderdate,numeric,omit token
pCO2__latest,unrelated_lab,labs_with_Measurements.csv,event_at < target orderdate,numeric,omit token
pH__latest,unrelated_lab,labs_with_Measurements.csv,event_at < target orderdate,numeric,omit token
vital__dbp__latest,vital,labs_with_Measurements.csv,event_at < target orderdate,numeric,omit token
vital__dbp__max_24h,vital,labs_with_Measurements.csv,event_at < target orderdate,numeric,omit token
vital__dbp__mean_24h,vital,labs_with_Measurements.csv,event_at < target orderdate,numeric,omit token
vital__dbp__min_24h,vital,labs_with_Measurements.csv,event_at < target orderdate,numeric,omit token
vital__pulse__latest,vital,labs_with_Measurements.csv,event_at < target orderdate,numeric,omit token
vital__pulse__max_24h,vital,labs_with_Measurements.csv,event_at < target orderdate,numeric,omit token
vital__pulse__mean_24h,vital,labs_with_Measurements.csv,event_at < target orderdate,numeric,omit token
vital__pulse__min_24h,vital,labs_with_Measurements.csv,event_at < target orderdate,numeric,omit token
vital__sbp__latest,vital,labs_with_Measurements.csv,event_at < target orderdate,numeric,omit token
vital__sbp__max_24h,vital,labs_with_Measurements.csv,event_at < target orderdate,numeric,omit token
vital__sbp__mean_24h,vital,labs_with_Measurements.csv,event_at < target orderdate,numeric,omit token
vital__sbp__min_24h,vital,labs_with_Measurements.csv,event_at < target orderdate,numeric,omit token
vital__storation__latest,vital,labs_with_Measurements.csv,event_at < target orderdate,numeric,omit token
vital__storation__max_24h,vital,labs_with_Measurements.csv,event_at < target orderdate,numeric,omit token
vital__storation__mean_24h,vital,labs_with_Measurements.csv,event_at < target orderdate,numeric,omit token
vital__storation__min_24h,vital,labs_with_Measurements.csv,event_at < target orderdate,numeric,omit token
